{
  "results": [
    {
      "command": "../target/release/adapter_thread out/10mb.txt out/ 1000",
      "mean": 163.016952670035,
      "stddev": 11.454977239702558,
      "median": 164.538587422035,
      "user": 2.184185176666667,
      "system": 21.21149416,
      "min": 150.87720852903502,
      "max": 173.635062059035,
      "times": [
        173.635062059035,
        150.87720852903502,
        164.538587422035
      ]
    }
  ]
}
