{
  "results": [
    {
      "command": "../../target/release/threadpool single fixed-overhead 16 every100ms read_write_buf_sync_1mb 1000 /ssd2/adapter-benchmark/files",
      "mean": 107.31015427125502,
      "stddev": 8.255944774622842,
      "median": 102.940756165055,
      "user": 2.454325995,
      "system": 42.390714364999994,
      "min": 100.533006482055,
      "max": 117.265245640055,
      "times": [
        100.563964264055,
        115.247798805055,
        102.940756165055,
        117.265245640055,
        100.533006482055
      ]
    }
  ]
}
