{
  "results": [
    {
      "command": "../../target/release/threadpool single fixed 16 every100ms read_write_buf_sync_1mb 1000 /ssd2/adapter-benchmark/files",
      "mean": 106.70055531309,
      "stddev": 12.297615786292031,
      "median": 100.56960940229,
      "user": 2.5477815699999997,
      "system": 43.44921504,
      "min": 100.51589757729,
      "max": 128.59788320929,
      "times": [
        100.56960940229,
        100.55152562729,
        103.26786074929001,
        128.59788320929,
        100.51589757729
      ]
    }
  ]
}
