{
  "results": [
    {
      "command": "../../target/release/threadpool single fixed 16 every100us read_write_4kb_sync 300000 /ssd2/adapter-benchmark/files",
      "mean": 118.139844059355,
      "stddev": 10.898176348439279,
      "median": 115.521405927755,
      "user": 11.286928804999999,
      "system": 90.30774002999999,
      "min": 108.92390921375501,
      "max": 135.065808521755,
      "times": [
        122.068648406755,
        108.92390921375501,
        109.11944822675501,
        135.065808521755,
        115.521405927755
      ]
    }
  ]
}
