{
  "results": [
    {
      "command": "../../target/release/threadpool single fixed 32 oneshot read_write_2mb_nosync 20000 /ssd2/adapter-benchmark/files",
      "mean": 87.88192770672501,
      "stddev": 0.24736400240715234,
      "median": 87.91875091842499,
      "user": 8.554709714999998,
      "system": 128.789460185,
      "min": 87.518953614425,
      "max": 88.261711232425,
      "times": [
        87.68171847342501,
        88.010617266425,
        87.947186843425,
        88.047195887425,
        88.261711232425,
        88.160252801425,
        87.890314993425,
        87.518953614425,
        87.682252594425,
        87.619073360425
      ]
    }
  ]
}
