{
  "results": [
    {
      "command": "../../target/release/threadpool single fixed-overhead 32 oneshot read_write_2mb_sync 10000 /ssd2/adapter-benchmark/files",
      "mean": 174.53784882184502,
      "stddev": 17.840075235137068,
      "median": 173.859757773245,
      "user": 4.225412414999999,
      "system": 74.41894,
      "min": 147.452803767745,
      "max": 204.254516849745,
      "times": [
        204.254516849745,
        185.611875751745,
        166.673135387745,
        169.929199013745,
        147.452803767745,
        194.256679786745,
        150.520745608745,
        168.71060318074498,
        180.17861233874498,
        177.79031653274498
      ]
    }
  ]
}
