{
  "results": [
    {
      "command": "../../target/release/threadpool single fixed 32 oneshot read_write_2mb_sync 10000 /ssd2/adapter-benchmark/files",
      "mean": 191.05273708434999,
      "stddev": 29.605360186914925,
      "median": 197.30342372995,
      "user": 4.0275260500000005,
      "system": 69.87082289,
      "min": 140.72260807145,
      "max": 240.92571175145,
      "times": [
        240.92571175145,
        210.50163500745,
        202.60727152945,
        214.12302077245,
        205.03276800244998,
        191.99957593045,
        164.97730680345,
        140.72260807145,
        174.60540527445,
        165.03206770045
      ]
    }
  ]
}
