{
  "results": [
    {
      "command": "../../target/release/threadpool single fixed-overhead 16 oneshot read_2mb 30000 /ssd2/adapter-benchmark/files",
      "mean": 128.698756867035,
      "stddev": 0.10086086454481047,
      "median": 128.64718565023497,
      "user": 12.524020884999999,
      "system": 55.883519125,
      "min": 128.63880564523498,
      "max": 128.875359688235,
      "times": [
        128.690003563235,
        128.64718565023497,
        128.64242978823498,
        128.875359688235,
        128.63880564523498
      ]
    }
  ]
}
