{
  "results": [
    {
      "command": "../../target/release/threadpool single fixed 32 oneshot read_write_buf_sync_2mb 2000 /ssd2/adapter-benchmark/files",
      "mean": 195.77865900121498,
      "stddev": 12.194455581308068,
      "median": 192.206890633615,
      "user": 6.7250780699999995,
      "system": 123.03920903999999,
      "min": 185.377501189615,
      "max": 216.47778971061499,
      "times": [
        189.038986820615,
        185.377501189615,
        192.206890633615,
        195.792126651615,
        216.47778971061499
      ]
    }
  ]
}
