{
  "results": [
    {
      "command": "../../target/release/threadpool single fixed-overhead 32 oneshot read_write_2mb_nosync 20000 /ssd2/adapter-benchmark/files",
      "mean": 87.83150279719,
      "stddev": 0.25612185341824295,
      "median": 87.81227494009,
      "user": 8.588091145,
      "system": 129.59249218500003,
      "min": 87.50369012009001,
      "max": 88.34193661009,
      "times": [
        88.14043671109,
        87.77515314209,
        87.65707621809001,
        87.60800203709,
        87.93456000909,
        87.84939673809001,
        87.85221282509,
        88.34193661009,
        87.50369012009001,
        87.65256356109
      ]
    }
  ]
}
