{
  "results": [
    {
      "command": "../../target/release/threadpool single fixed 16 oneshot read_2mb 30000 /ssd2/adapter-benchmark/files",
      "mean": 128.67549241684,
      "stddev": 0.11357779519928006,
      "median": 128.64427594724,
      "user": 12.69622766,
      "system": 55.87072115499999,
      "min": 128.60014959824,
      "max": 128.87350580624,
      "times": [
        128.60014959824,
        128.64427594724,
        128.65767078924,
        128.87350580624,
        128.60185994324002
      ]
    }
  ]
}
