{
  "results": [
    {
      "command": "../target/release/adapter_thread out/10mb.txt out/ 1000",
      "mean": 40.060384245985006,
      "stddev": 0.8382810044720874,
      "median": 40.543484238985,
      "user": 2.21951836,
      "system": 29.959913736666664,
      "min": 39.092421253985,
      "max": 40.545247244985,
      "times": [
        40.543484238985,
        40.545247244985,
        39.092421253985
      ]
    }
  ]
}
