{
  "results": [
    {
      "command": "../target/release/adapter-benchmark out/10mb.txt out/ 10000",
      "mean": 33.042548466253336,
      "stddev": 0.005865094706905579,
      "median": 33.03950209292,
      "user": 10.668872898333333,
      "system": 88.46771521166666,
      "min": 33.03883342392,
      "max": 33.04930988192,
      "times": [
        33.03883342392,
        33.04930988192,
        33.03950209292
      ]
    }
  ]
}
